{
  "users": [
    {
      "id": 3,
      "name": "roshan",
      "email": "hhjkkjnj,",
      "userName": "hjkhjkhjk",
      "password": "hjgkhgkjg",
      "mobile": "6878768768"
    },
    {
      "id": 4,
      "name": "hrfdhjkk",
      "email": "hhhjk",
      "userName": "hjkhkhkj",
      "password": "hjkhkjh",
      "mobile": "78238749208"
    }
  ],
  "hospitals": [
    {
      "id": 3,
      "hospitalName": "ehdkhjk",
      "address": "gkhghjgjkhjk",
      "city": "bangalore",
      "beds": 1,
      "icuBeds": 7,
      "contact": "983987289"
    },
    {
      "id": 4,
      "hospitalName": "",
      "address": "",
      "city": "",
      "beds": "",
      "icuBeds": "",
      "contact": ""
    },
    {
      "id": 5,
      "hospitalName": "",
      "address": "",
      "city": "",
      "beds": "",
      "icuBeds": "",
      "contact": ""
    }
  ]
}